id_usuario,nombre,email,fecha_registro,pais,nivel_cuenta
1,ccorselles0,aianittello0@pcworld.com,2015-08-21,Slovenia,46
2,elutwidge1,lsmillie1@tuttocitta.it,2010-04-30,Indonesia,99
3,amagner2,iranfield2@webmd.com,2019-03-01,China,32
4,wdymidowicz3,lfilipchikov3@360.cn,2017-02-08,Peru,22
5,dvlahos4,adax4@sphinn.com,2012-09-24,Czech Republic,68
6,ahouston5,llappine5@twitpic.com,2024-07-26,Luxembourg,32
7,mgoldsbrough6,psafe6@biglobe.ne.jp,2015-04-25,China,32
8,idesimoni7,dcreese7@state.tx.us,2015-03-19,China,1
9,bmatuschek8,jdanbury8@nba.com,2009-08-26,Ukraine,46
10,skarus9,treightley9@prweb.com,2013-11-03,China,54
11,abradnuma,ooldreya@dion.ne.jp,2014-03-18,Indonesia,97
12,eheughb,hwingerb@engadget.com,2010-04-03,Poland,5
13,ifidalc,iohalliganc@gravatar.com,2022-06-02,Norway,11
14,sframptond,tfullyloved@miibeian.gov.cn,2012-10-17,Venezuela,74
15,ydehooghe,wbuffe@macromedia.com,2011-04-13,Vanuatu,69
16,cduddellf,stodorf@ft.com,2008-06-28,Russia,41
17,epossekg,bgodardg@columbia.edu,2017-07-05,China,50
18,eprembleh,tkunderth@bbc.co.uk,2021-07-18,Vietnam,85
19,iredgatei,ppawlaczyki@miitbeian.gov.cn,2024-03-01,China,88
20,gfitzgilbertj,kescalantej@reddit.com,2021-12-25,Indonesia,1
21,plawryk,amerillk@ucsd.edu,2013-10-01,China,32
22,akisbyl,tmckinnelll@senate.gov,2011-08-26,Gambia,6
23,coheffernanm,rcampsm@squarespace.com,2018-07-18,Palestinian Territory,71
24,ddilgarnon,ktrinern@gravatar.com,2012-12-29,Czech Republic,60
25,abirckmanno,mhousegoo@miibeian.gov.cn,2023-06-29,Yemen,93
26,wpatullop,kbeckenp@msn.com,2008-06-26,Palestinian Territory,1
27,ldunphyq,hhorsfieldq@zdnet.com,2024-02-26,Portugal,50
28,lwadmanr,ehinnersr@prnewswire.com,2022-06-30,China,63
29,nbrockies,ebourdass@comsenz.com,2020-04-27,Ecuador,86
30,oendecottt,gpabelikt@ibm.com,2011-11-14,Kosovo,47
31,ifindlayu,gdriuzziu@skyrock.com,2015-06-06,Indonesia,45
32,hdavidv,lstitsonv@yolasite.com,2012-01-10,Peru,15
33,aderrettw,adomaschkew@google.co.jp,2016-07-31,Portugal,5
34,tlanningx,rmolesworthx@unesco.org,2016-01-05,Indonesia,63
35,ydelberguey,dantyukhiny@marketwatch.com,2010-05-08,China,60
36,mgaylerz,aouterbridgez@youku.com,2013-01-22,China,64
37,lgoford10,owhitticks10@homestead.com,2018-07-19,United States,31
38,rgoskar11,abaynard11@hibu.com,2018-06-07,Czech Republic,44
39,cdomek12,oflexman12@pinterest.com,2022-02-24,Belarus,62
40,ecornthwaite13,bskettles13@topsy.com,2018-09-15,Sweden,58
41,krenish14,lallot14@auda.org.au,2015-05-17,Portugal,65
42,fverbruggen15,djory15@istockphoto.com,2013-08-25,Portugal,3
43,rpapes16,priddock16@unc.edu,2024-06-08,China,54
44,tlucia17,pbritch17@webnode.com,2011-05-28,United States,61
45,lprettyjohn18,dnasi18@fastcompany.com,2011-12-22,China,72
46,cthys19,nwebby19@nps.gov,2018-09-22,Brazil,48
47,aruffy1a,cgrishukov1a@cafepress.com,2010-12-02,Sweden,86
48,rmollin1b,blittlecote1b@istockphoto.com,2014-02-15,China,27
49,gsherville1c,mdecourcy1c@free.fr,2023-07-03,Japan,100
50,fbirchall1d,dosbiston1d@bizjournals.com,2022-12-08,Philippines,84
51,mcurl1e,calliston1e@prnewswire.com,2018-04-03,Poland,31
52,carthur1f,avasyanin1f@purevolume.com,2018-08-29,Uruguay,71
53,lbiskupiak1g,btwohig1g@google.co.jp,2021-09-13,Brazil,10
54,dswitzer1h,chupe1h@apple.com,2023-08-19,Philippines,63
55,dgerkens1i,wscamaden1i@biblegateway.com,2021-09-12,Thailand,22
56,hgrelik1j,ccutteridge1j@economist.com,2016-02-02,Indonesia,26
57,mbending1k,lliston1k@xinhuanet.com,2009-10-22,Yemen,79
58,labazi1l,mburmaster1l@facebook.com,2008-10-28,China,9
59,fsurby1m,mbranston1m@usatoday.com,2014-01-25,Tanzania,76
60,tpatmore1n,sludron1n@sohu.com,2019-08-20,Brazil,65
61,tspurr1o,fthrussell1o@timesonline.co.uk,2015-02-09,China,52
62,bharriagn1p,lhandasyde1p@techcrunch.com,2013-02-01,Brazil,51
63,ldicky1q,rcurson1q@friendfeed.com,2011-05-14,Indonesia,34
64,locoskerry1r,glengthorn1r@reuters.com,2008-08-13,Indonesia,28
65,csmoth1s,eisaacson1s@github.io,2011-05-05,Brazil,50
66,nbwye1t,djess1t@berkeley.edu,2011-11-18,Argentina,100
67,cbecaris1u,slucian1u@plala.or.jp,2017-04-20,Portugal,54
68,lmccomiskey1v,sdahlman1v@booking.com,2019-05-16,Philippines,78
69,lzaniolini1w,aclearie1w@phoca.cz,2011-05-03,Peru,14
70,mstrothers1x,lklaussen1x@example.com,2022-01-19,South Africa,14
71,osimone1y,gstorck1y@csmonitor.com,2020-05-18,Micronesia,47
72,rjansen1z,ecraney1z@plala.or.jp,2020-07-28,China,9
73,umcbay20,ltuite20@pagesperso-orange.fr,2010-08-08,Yemen,78
74,cguerrieri21,bkimberly21@chronoengine.com,2009-07-14,Thailand,7
75,kmcamish22,idemcik22@canalblog.com,2008-11-09,Morocco,45
76,belgram23,ngrishunin23@skyrock.com,2017-09-20,Netherlands,89
77,kchettle24,llemonnier24@pinterest.com,2008-09-01,Norway,80
78,cconyer25,cmaffin25@pcworld.com,2012-10-05,Greece,38
79,jkingdon26,emillen26@stumbleupon.com,2017-11-05,France,22
80,mheeran27,cpunyer27@histats.com,2021-02-04,Indonesia,36
81,mmckernon28,tborges28@zdnet.com,2012-10-31,Sweden,29
82,rgregg29,pwitherspoon29@kickstarter.com,2019-12-24,China,80
83,afridaye2a,bdelhanty2a@godaddy.com,2013-10-30,Peru,57
84,eplaice2b,tvigors2b@auda.org.au,2013-09-09,Ukraine,98
85,wgisbye2c,cthreadgill2c@china.com.cn,2017-10-18,Colombia,31
86,scuell2d,rbonicelli2d@noaa.gov,2017-10-27,France,94
87,npantling2e,afellgatt2e@google.de,2009-01-18,China,50
88,bferrieroi2f,loolahan2f@indiegogo.com,2022-05-07,China,50
89,ptoogood2g,cmalyon2g@senate.gov,2020-09-19,Poland,21
90,nhambleton2h,vfeye2h@ucoz.com,2015-01-07,Poland,60
91,agullyes2i,bpigne2i@joomla.org,2011-06-01,Peru,77
92,mbladge2j,fcissen2j@yolasite.com,2022-08-13,Vietnam,27
93,cubach2k,chamshere2k@wisc.edu,2010-04-10,Poland,89
94,meverall2l,dkubalek2l@amazon.de,2018-08-10,China,71
95,llingfoot2m,ywistance2m@discovery.com,2013-10-18,Sweden,94
96,honowlan2n,mbalstone2n@hhs.gov,2016-10-26,Finland,96
97,psorensen2o,sgabbatiss2o@opensource.org,2011-06-12,Poland,8
98,mcescot2p,ftoolan2p@themeforest.net,2012-01-06,Argentina,76
99,cringer2q,gaslum2q@businessweek.com,2011-03-16,United States,19
100,bdudny2r,bamphlett2r@auda.org.au,2008-09-04,China,46
101,ebatalle2s,ebangiard2s@ycombinator.com,2009-09-08,Malaysia,21
102,jheathorn2t,sblonfield2t@about.me,2009-02-13,Indonesia,39
103,mtregear2u,fbrawley2u@baidu.com,2015-01-17,Poland,49
104,cmor2v,tnanuccioi2v@uiuc.edu,2016-07-20,Russia,38
105,epresland2w,tahmed2w@symantec.com,2014-11-27,Brazil,64
106,pgronou2x,afairbrother2x@redcross.org,2015-09-17,South Africa,91
107,fsandes2y,ggellibrand2y@e-recht24.de,2018-04-12,Nigeria,59
108,tbowstead2z,mparres2z@chronoengine.com,2021-09-04,Zimbabwe,12
109,vskryne30,apaulet30@army.mil,2015-03-08,France,66
110,rskipper31,ashiel31@php.net,2015-10-31,Brazil,9
111,agreatbatch32,lmaclese32@opensource.org,2012-01-06,Bosnia and Herzegovina,16
112,bboxen33,wmorris33@bluehost.com,2022-12-08,Russia,30
113,ioldall34,sdawdary34@vistaprint.com,2018-12-21,Brazil,43
114,ccushelly35,fjanikowski35@sciencedirect.com,2013-05-28,Iran,29
115,reversfield36,atwitchett36@amazon.de,2015-08-12,France,46
116,bbrenard37,dconre37@pagesperso-orange.fr,2021-07-26,Gabon,24
117,lbretton38,gfranchyonok38@blogspot.com,2011-08-14,Sweden,6
118,frollitt39,rhunn39@ftc.gov,2009-08-22,Czech Republic,56
119,vprichet3a,skynoch3a@i2i.jp,2009-01-11,Uganda,90
120,rstorm3b,gwindas3b@ihg.com,2023-05-20,Norway,47
121,vbalentyne3c,mmackeever3c@berkeley.edu,2017-11-30,Indonesia,58
122,rsellor3d,bclendennen3d@pagesperso-orange.fr,2011-01-01,Canada,12
123,eleggs3e,acollihole3e@stanford.edu,2017-01-11,France,84
124,bshearsby3f,jsapwell3f@fda.gov,2015-07-06,Indonesia,87
125,macors3g,treckless3g@surveymonkey.com,2016-07-06,China,33
126,cskaifedingerthorpe3h,dclimson3h@eepurl.com,2014-02-20,Chile,28
127,eshufflebotham3i,sohdirscoll3i@omniture.com,2019-03-17,China,8
128,msimonnot3j,dfraczek3j@skype.com,2024-01-08,Russia,53
129,nconahy3k,lempson3k@163.com,2014-01-23,Jamaica,84
130,agallally3l,tbarens3l@japanpost.jp,2021-10-26,Thailand,22
131,ncurnokk3m,dankrett3m@plala.or.jp,2009-01-19,Indonesia,51
132,bthoumas3n,arickertsen3n@hc360.com,2016-10-17,Martinique,19
133,btighe3o,mcockell3o@angelfire.com,2014-03-03,Ukraine,72
134,mcumpsty3p,ajesty3p@netlog.com,2010-03-27,Finland,99
135,ccarnall3q,npoulglais3q@nationalgeographic.com,2011-02-06,China,48
136,uleverich3r,cnickels3r@washington.edu,2021-05-24,Czech Republic,22
137,dmachen3s,aratley3s@blogtalkradio.com,2022-01-13,China,95
138,lales3t,aswait3t@loc.gov,2017-10-01,United States,85
139,wlincey3u,jjobke3u@list-manage.com,2019-07-16,Czech Republic,61
140,dhebblethwaite3v,dkristiansen3v@usnews.com,2023-06-28,Indonesia,48
141,pgudgeon3w,ctraynor3w@desdev.cn,2014-10-06,China,27
142,scokayne3x,vtrimbey3x@unicef.org,2010-11-06,Indonesia,7
143,asprowles3y,ksanper3y@soup.io,2014-01-06,Poland,63
144,hbullock3z,bmallinar3z@howstuffworks.com,2014-07-31,Jordan,9
145,jkilgrove40,nfolder40@sfgate.com,2009-12-26,United States,13
146,rsadry41,hredier41@cyberchimps.com,2019-06-28,China,22
147,msmillie42,egoullee42@google.nl,2022-01-25,Nigeria,81
148,acordelette43,lithell43@npr.org,2019-08-18,United Kingdom,52
149,ewindebank44,jdarwin44@geocities.com,2021-02-10,Portugal,87
150,rtew45,adassindale45@acquirethisname.com,2023-07-11,China,54
151,kfeldfisher46,mmillership46@topsy.com,2014-10-15,China,87
152,mpynner47,bsomerville47@usda.gov,2022-10-27,China,21
153,tjagoe48,jhindmore48@hubpages.com,2011-06-19,Philippines,65
154,adibatista49,sramsey49@hugedomains.com,2013-02-02,Indonesia,38
155,yjeffels4a,otobias4a@google.pl,2021-04-01,Macedonia,44
156,gspurryer4b,rconkie4b@usda.gov,2014-03-14,Sweden,77
157,tmccreath4c,cgiovanazzi4c@baidu.com,2015-06-13,Mexico,41
158,dvallender4d,adallaway4d@businesswire.com,2020-02-17,Greece,17
159,ncremen4e,lshatford4e@foxnews.com,2018-06-05,China,79
160,modeson4f,hboate4f@hp.com,2008-09-06,Philippines,51
161,ikunneke4g,icrudgington4g@imgur.com,2022-04-10,Mozambique,60
162,jmaureen4h,jalan4h@shop-pro.jp,2019-05-07,Democratic Republic of the Congo,83
163,tbourner4i,akann4i@army.mil,2022-11-30,Belarus,54
164,dreinbeck4j,jdunsmuir4j@seesaa.net,2019-04-23,France,15
165,jsheasby4k,taldgate4k@jalbum.net,2014-11-19,Portugal,71
166,cgrocott4l,lhesser4l@disqus.com,2011-05-14,Yemen,32
167,crappa4m,gparkes4m@naver.com,2016-11-24,China,70
168,zscough4n,cbodman4n@time.com,2009-02-14,Ireland,21
169,glewin4o,adelwater4o@google.co.uk,2016-02-03,Thailand,70
170,zritchman4p,wwinscomb4p@biglobe.ne.jp,2012-11-02,Czech Republic,73
171,jofielly4q,anel4q@altervista.org,2024-04-13,Colombia,70
172,gstocker4r,dsalters4r@dion.ne.jp,2018-03-25,Russia,11
173,lkose4s,mkasperski4s@github.io,2008-06-25,Sweden,65
174,kraubenheimer4t,mnewbigging4t@sogou.com,2009-06-10,Indonesia,44
175,cpaten4u,ahebblewhite4u@ucoz.ru,2017-10-09,Bulgaria,87
176,jwickendon4v,epugsley4v@printfriendly.com,2022-06-28,Russia,45
177,rgierth4w,rpinniger4w@squarespace.com,2020-07-14,China,70
178,jscrauniage4x,jlutty4x@blogspot.com,2012-11-12,France,96
179,alycett4y,pschott4y@walmart.com,2014-03-01,Portugal,54
180,tgladbach4z,afriedlos4z@tuttocitta.it,2024-06-10,Pakistan,19
181,phonniebal50,mhaton50@ted.com,2024-06-29,Albania,80
182,mlongstaffe51,cdadd51@timesonline.co.uk,2022-06-27,Lithuania,54
183,ajacqueminet52,lbroadbent52@rediff.com,2016-01-14,Indonesia,32
184,phutable53,gloeber53@paginegialle.it,2013-12-26,Canada,75
185,alimprecht54,kconquer54@nba.com,2010-02-06,Sweden,96
186,faxton55,jdemageard55@marketwatch.com,2019-05-15,Indonesia,40
187,rmarsters56,ddunbobbin56@hostgator.com,2020-10-17,North Korea,71
188,cgiddons57,jgerin57@state.gov,2010-12-11,Swaziland,75
189,csember58,aperrycost58@vimeo.com,2015-09-24,China,94
190,lwallis59,hocurrane59@is.gd,2010-08-31,Argentina,80
191,eblondell5a,nforton5a@icq.com,2019-02-08,Luxembourg,87
192,coscannill5b,tdresse5b@1688.com,2013-02-08,Switzerland,92
193,cnewborn5c,dcoger5c@goodreads.com,2016-06-05,Russia,73
194,achritchlow5d,iportinari5d@cargocollective.com,2024-05-30,China,35
195,adykins5e,ireuther5e@adobe.com,2024-01-08,Vietnam,43
196,fbernardeschi5f,lkits5f@ftc.gov,2012-06-13,Philippines,45
197,hedgson5g,hferrai5g@tripod.com,2014-07-28,China,52
198,tbrocking5h,erubel5h@columbia.edu,2013-12-09,Indonesia,57
199,vrolinson5i,echarlot5i@wikimedia.org,2011-05-18,Nepal,15
200,cbastable5j,opinare5j@hubpages.com,2008-08-01,China,83
201,lburtt5k,vglavis5k@aboutads.info,2020-12-04,Indonesia,62
202,aguerrazzi5l,scotesford5l@spiegel.de,2013-10-17,Serbia,9
203,lmcconnell5m,mjuniper5m@newsvine.com,2024-05-20,Portugal,3
204,cbreach5n,dgoodram5n@hc360.com,2016-12-02,Poland,4
205,bspon5o,dbows5o@domainmarket.com,2012-12-25,Macedonia,81
206,devitt5p,vniaves5p@goo.gl,2021-10-04,Philippines,60
207,roakeshott5q,rausten5q@php.net,2013-04-04,Brazil,42
208,clandsborough5r,rjacks5r@tinyurl.com,2011-10-05,Cambodia,84
209,smcnay5s,ddunbabin5s@arizona.edu,2009-01-02,Japan,24
210,cdyter5t,nmcellen5t@ucoz.com,2009-12-17,Portugal,45
211,mmorse5u,abayman5u@linkedin.com,2011-03-25,Poland,28
212,tvogelein5v,tconahy5v@unc.edu,2018-04-30,Philippines,17
213,ugallihaulk5w,lsurmeir5w@goo.ne.jp,2015-04-10,Sweden,76
214,bmcmanaman5x,mhattersley5x@gizmodo.com,2016-05-26,Cuba,11
215,adouse5y,bblasetti5y@flavors.me,2011-07-08,Canada,52
216,dmcduall5z,lpyrah5z@huffingtonpost.com,2011-01-03,Nigeria,83
217,hklyn60,bmorkham60@yellowpages.com,2018-09-11,Canada,75
218,cgobeau61,ppasley61@jugem.jp,2015-10-17,United States,82
219,iparham62,hdawtrey62@blogtalkradio.com,2012-11-13,China,14
220,truddell63,mgrioli63@is.gd,2019-11-18,Iran,63
221,rbernhardt64,asemrad64@themeforest.net,2017-04-09,Israel,97
222,wlinning65,lscotchbrook65@simplemachines.org,2020-11-23,Japan,14
223,lingyon66,cdreng66@tuttocitta.it,2022-01-16,China,46
224,fwadesworth67,osilverstone67@squidoo.com,2023-02-04,Iran,21
225,levett68,spaffett68@wiley.com,2010-07-16,United States,73
226,sselly69,kbullin69@flavors.me,2019-09-05,China,90
227,fkores6a,wciric6a@gmpg.org,2020-02-23,Indonesia,63
228,acharke6b,hgreser6b@wunderground.com,2017-03-14,Honduras,86
229,jhandrik6c,droy6c@goo.gl,2022-10-10,United States,42
230,mklaes6d,cbattie6d@si.edu,2017-07-27,Vietnam,65
231,ekenninghan6e,yjozwik6e@scientificamerican.com,2013-10-29,China,46
232,bjacquet6f,ldennitts6f@digg.com,2021-06-24,Russia,100
233,gchesterman6g,clamkin6g@goo.ne.jp,2009-04-20,Czech Republic,47
234,nbolduc6h,kmalin6h@auda.org.au,2015-06-24,Philippines,41
235,kjanicijevic6i,jdarracott6i@youku.com,2008-08-17,Poland,44
236,psaggs6j,bjeskin6j@instagram.com,2010-11-26,China,20
237,amctague6k,cfish6k@sun.com,2018-11-03,Poland,58
238,rscrauniage6l,rbraham6l@noaa.gov,2021-11-30,China,28
239,fibbeson6m,hgannicott6m@guardian.co.uk,2016-02-23,Indonesia,38
240,imccue6n,hsnaith6n@cpanel.net,2013-12-01,Indonesia,77
241,fpostians6o,mclausen6o@naver.com,2012-08-07,Philippines,29
242,tbase6p,dwison6p@washington.edu,2012-01-10,Portugal,73
243,mfilyushkin6q,dluigi6q@t-online.de,2010-03-19,Indonesia,35
244,ijindra6r,hbirney6r@paypal.com,2011-07-09,Honduras,67
245,mcobden6s,apurches6s@uiuc.edu,2016-06-21,China,89
246,tjoselevitz6t,rahrenius6t@blog.com,2009-01-08,Philippines,80
247,lwilflinger6u,lmacer6u@statcounter.com,2012-12-14,Russia,31
248,mtatham6v,gbutchers6v@redcross.org,2012-09-16,Argentina,78
249,pveness6w,laberkirder6w@squarespace.com,2016-05-23,Russia,50
250,msoar6x,cadriani6x@dot.gov,2020-08-20,Slovenia,7
251,dromero6y,gkopf6y@opensource.org,2015-03-28,Tunisia,82
252,wbonnyson6z,tmyerscough6z@howstuffworks.com,2013-04-28,Taiwan,31
253,kclulee70,sfairbard70@yale.edu,2016-01-04,Afghanistan,76
254,pgiraths71,mdespenser71@buzzfeed.com,2014-06-03,Honduras,5
255,amaddinon72,pgoldhill72@cyberchimps.com,2010-08-01,Canada,75
256,dlintall73,kegdal73@rambler.ru,2015-06-11,Russia,47
257,lblois74,dbagby74@cargocollective.com,2010-06-29,Philippines,94
258,lsilman75,sduckerin75@yahoo.co.jp,2010-08-14,Morocco,33
259,mhoofe76,yberthel76@mac.com,2010-10-20,Malawi,26
260,nkeatch77,eromme77@theguardian.com,2015-09-08,Indonesia,36
261,nphillimore78,nflecknoe78@who.int,2020-01-05,Czech Republic,24
262,hgilphillan79,mlantry79@google.com.hk,2012-06-22,Argentina,79
263,sbogey7a,kbennit7a@wp.com,2011-07-17,Mexico,62
264,cgrimditch7b,aprescot7b@nytimes.com,2018-10-30,Canada,3
265,ebreward7c,tderr7c@bandcamp.com,2013-07-15,Portugal,64
266,ldeaves7d,dtitt7d@shareasale.com,2017-11-21,Eritrea,28
267,sstilly7e,aroe7e@opensource.org,2017-02-03,China,25
268,eschutze7f,zmunkley7f@washingtonpost.com,2017-07-14,Philippines,96
269,rgierardi7g,cvalance7g@soundcloud.com,2017-08-09,Argentina,54
270,cstollen7h,byarnall7h@berkeley.edu,2010-05-18,United States,21
271,ggreenhead7i,gfelgate7i@xing.com,2024-01-24,China,73
272,ibrotherick7j,cjuszkiewicz7j@booking.com,2023-12-23,Russia,82
273,keick7k,ckingscote7k@utexas.edu,2022-09-08,Portugal,17
274,gmanjot7l,emccullouch7l@shinystat.com,2017-05-02,Albania,41
275,wmachan7m,rputland7m@wisc.edu,2014-01-06,Portugal,66
276,mtunesi7n,eodonoghue7n@bizjournals.com,2011-06-10,France,78
277,rcescoti7o,bdickin7o@hubpages.com,2020-11-10,Japan,10
278,gsiemons7p,cwimms7p@twitpic.com,2020-12-24,Croatia,98
279,hgiamuzzo7q,ltrott7q@people.com.cn,2015-08-29,Philippines,10
280,bbrick7r,mmulryan7r@sciencedaily.com,2022-09-30,Uzbekistan,88
281,hasher7s,mpiddocke7s@arizona.edu,2021-07-13,Brazil,85
282,hmalthus7t,jpindell7t@nps.gov,2012-12-13,Indonesia,95
283,egrane7u,aingolotti7u@tiny.cc,2008-08-09,Peru,63
284,areeveley7v,gclemetts7v@aboutads.info,2009-09-25,China,72
285,ldiantonio7w,heichmann7w@uol.com.br,2018-06-14,Czech Republic,28
286,zcaras7x,lpoland7x@twitpic.com,2019-03-01,Philippines,67
287,wkingescot7y,spaliser7y@mozilla.org,2018-06-16,Indonesia,53
288,hduffy7z,zcornau7z@blogtalkradio.com,2012-11-22,China,6
289,mwraith80,dkybbye80@exblog.jp,2011-10-26,Poland,88
290,alachaize81,sbusswell81@ocn.ne.jp,2016-01-24,Guinea,12
291,cmccleverty82,rsharrier82@bigcartel.com,2017-06-12,China,14
292,lcardenosa83,twestbrook83@umn.edu,2008-10-19,Colombia,42
293,eshewon84,tkindell84@w3.org,2021-12-31,Philippines,58
294,bfairbrace85,ncorser85@geocities.jp,2019-03-10,Panama,54
295,erattry86,rspeenden86@ucoz.com,2021-07-03,Ecuador,62
296,ffowgies87,cbloxholm87@miitbeian.gov.cn,2011-10-07,El Salvador,35
297,athorrington88,mogus88@ehow.com,2017-10-10,Iran,67
298,npriestner89,rhaddy89@surveymonkey.com,2018-11-05,Colombia,82
299,adimaria8a,nwilsone8a@symantec.com,2009-06-20,Indonesia,52
300,lkobes8b,swhitmore8b@51.la,2016-07-02,Indonesia,66
